Neg_to_Total_Words_norm,Long_to_Total_Words_norm,Pos_to_Total_Words_norm,Long_to_Total_Sentences_norm,C7_norm,Y2,Y1
0.20826523889540413,0.30951008638391314,-0.10611527720041782,0.16923048293999,-0.5802545485074582,1.0,0.0
0.8175249999103748,-0.10770309393879124,-1.3063424044556657,0.23080285556082558,-0.9187118830094624,0.0,1.0
-0.9934963064654132,1.4077451502223677,1.9442798288001788,0.11787762127135769,-1.3729774519380906,0.0,1.0
-0.5880210534155099,1.3881818304919693,1.9442798288001788,-1.2646983641207468,-1.3297638139835943,1.0,1.0
0.4914977823162493,-0.5234884236683598,-0.3323048103471682,-0.5849687966612002,1.5939855478401854,1.0,0.0
-1.4994286035410482,-1.0014158304059713,-1.1388410192673866,0.20780935348801452,0.3616511612454311,1.0,0.0
-0.7753840626321261,-1.1454297307883832,0.08924733706084559,1.9508548827612937,-1.4721761497684986,1.0,1.0
0.6926880592427275,0.511242846574357,-0.09100980333535286,-7.566446654630099e-16,-0.14071395412030838,0.0,1.0
-0.09095930510688287,1.4284257947154615,-0.7569737827488572,-1.2549042155259822,0.6808858314206845,1.0,1.0
0.4286206544235623,-0.274790746784732,1.748223774291295,-1.6253229129917142,1.2911828833988586,0.0,1.0
0.00446705087655352,1.7776591537986376e-16,0.890138380056993,-1.7000069685315038,-0.14071395412030838,1.0,1.0
-0.61436573316691,1.7776591537986376e-16,-0.02409149942822936,-1.181893289637724,-1.959739928884007,1.0,1.0
-0.43531129390861023,-1.0153543997736914,-0.9546737322916385,0.7957813048111974,-0.9091955352829961,1.0,0.0
0.837329535974421,1.7776591537986376e-16,1.2812804048138091,-1.0419891115963507,1.39347640627439e-16,1.0,0.0
1.5305871814133203,-0.4892613898697437,0.1212321573650374,-0.2782159322149305,0.21924851876782378,1.0,1.0
-1.658647504431413,1.7776591537986376e-16,0.20148478713173124,1.0847560009565818,1.329331989228496,1.0,1.0
-1.6335287004669763,-0.012758690869728284,0.2972521667156952,-1.5376809985865572,1.4662690100073956,1.0,0.0
1.027901724913024,0.16475452818815428,0.6973059427632206,0.0452877971592815,0.9478197054912587,1.0,1.0
-1.3752436734963145,-1.963924897177763,-0.6970953420799254,-0.23883549691439668,0.23571494959675043,1.0,1.0
-0.7990459620217221,1.7776591537986376e-16,-0.37690717860666745,-1.5229097236135696,0.037095246287221904,1.0,0.0
0.428968209893994,0.5139253447650329,-0.16312308009787194,-0.03894484184546484,-0.14071395412030838,0.0,1.0
-1.6409488237298575,-0.7276562118104739,-0.7070863602784995,-0.44440705057112656,1.653354003556405,1.0,0.0
1.6335327745321624,-0.7665988699105092,-0.4009238085696249,-1.3441397916116296,-0.44801187265950987,1.0,0.0
-1.1470128492283378,0.9714527873668595,1.7519145232316151,-0.33705257578788445,1.39347640627439e-16,1.0,1.0
-1.1680462245685375,0.418259840215172,1.1363179993724286,1.0113692010326738,-1.5422281856034412,1.0,0.0
0.7430997966746677,0.8363879909321306,-0.28024869244560185,-0.37293384162706666,-1.6625820295368405,1.0,1.0
-0.881059961932053,0.7715756371654537,0.8692307642913963,0.6661004062204597,-0.20391771995227642,1.0,1.0
1.09097829302145,0.2601410303618742,-1.4914444318574414,0.07463088027111453,0.8938653057799036,1.0,0.0
0.09327328164617561,-0.5187643309815512,0.8870642959545904,0.7349079293586547,1.1276754134516211,1.0,1.0
-0.06862420405456637,-0.05730705022584664,1.615570342824571,0.9779464080676573,-1.0568099448469146,1.0,1.0
-1.6209923876929972,0.010413188244547192,-0.16583212260307523,0.362055009670069,0.6001615829648311,0.0,1.0
-1.0892289328501472,-0.6523206608181162,-0.43692892165094704,0.7467218530320244,-0.501087553390306,1.0,0.0
-0.8488743962353018,0.2257203581182034,0.797554657752906,-1.3745178600663182,-0.7332054711799528,1.0,1.0
0.8281653244569819,0.5550356922722032,-0.06939628409471262,-0.8730368355603187,-0.412454517460274,1.0,0.0
0.31668279532668364,0.4977287641501142,-0.28268855451773167,1.104778801584202,0.3055080204970287,0.0,0.0
-0.7379631487475343,0.2400124350484439,-0.2546863403528248,-0.6548587060472005,-0.7124058456197414,1.0,0.0
0.5138098997884956,0.7264353235752695,-0.6392838783112982,0.031052915012014563,-0.7641262861055308,1.0,0.0
-0.8042810083016664,-0.7321672650663646,0.02685252975197177,0.3613233931954271,-0.5636774876748037,1.0,0.0
-0.33178709112469923,-1.1596792684582065,-0.3288456074877401,-0.7240040046526262,1.3519819271258375,1.0,0.0
-1.75854446263329,0.3065878538461181,-0.30276601280999327,0.28549959948307146,-0.8216253271414324,1.0,0.0
-0.11849742895248068,0.104062115890882,-0.1269487923108019,1.7529854674968532,1.653354003556405,1.0,0.0
-0.007671250600499065,-0.8768655189407664,-0.8524100173088265,-0.4320755599632248,-0.6322818060229555,1.0,1.0
1.6690435477306877,-0.4192466770657071,0.48081215278605116,0.5425552456277901,1.5445628270322067,1.0,0.0
0.8539559668471911,0.5980817734684063,0.6861408106261941,-0.8324118557155704,-0.14071395412030838,1.0,1.0
0.13355128762348537,-0.37936505637467327,-1.3366074210527072,0.4211818112443858,-0.40088974650967163,0.0,1.0
0.23685927594870093,1.436097108499494,-0.37060863438881386,0.1022049946582037,-0.14071395412030838,1.0,1.0
-0.787516100336438,-0.3865196594872469,-0.6666340946158897,0.8454989072284894,-0.377724012795933,1.0,0.0
1.0217178457449512,0.7833657772281348,0.3688281647083569,-7.566446654630099e-16,-0.14071395412030838,1.0,1.0
7.397145782839753e-16,0.7368109222599012,1.3307471884891526,-0.2683461489315882,-0.3649416285463128,0.0,1.0
-0.9221495877175496,0.2586310376637428,-1.1583346422276182,-0.11696066769395436,-0.3497826924156355,1.0,0.0
-0.17731679487587063,1.418930992414623,1.290900216604088,-0.1649553933369921,-1.045995576926585,1.0,1.0
-0.9748115540442166,0.8871758467914108,0.17965789537756027,-1.584953606527695,-1.319264079888883,0.0,1.0
-1.0146561561833034,-1.7558893727512963,0.6337544536501745,0.12327240816612967,0.07573174534990189,1.0,0.0
-0.856613752503545,0.3852792991109176,0.8212288972255152,0.9439023991584051,-1.0142787770207784,0.0,1.0
1.753147611949646,1.9141261954408488,0.41111493962503026,-1.1172264695652663,1.653354003556405,1.0,0.0
-0.4712384234409202,1.9444248996335889,0.02273218947545076,-0.7362492861421419,-0.14071395412030838,0.0,1.0
-1.317536131543336,1.7776591537986376e-16,1.288748669149216,0.08427217900785823,1.653354003556405,0.0,0.0
-1.144325331208161,0.5616752703466102,1.9442798288001788,-1.2489551771202716,-1.6936668738738847,0.0,1.0
-1.1625565360835333,-1.1330436873489886,-0.22020170155499738,1.2721296259324306,0.22409315380542855,1.0,0.0
1.5245821845846226,0.5395008931677832,0.6831181742625911,0.10648779992846559,1.653354003556405,0.0,1.0
-1.0147578601500904,0.11866398945389633,-0.18600620687025565,-0.3330673881381995,-0.8083069472898322,1.0,0.0
1.2828638763399214,0.864933628520962,1.2726670355560863,-0.13621705016820956,1.023481056502329,1.0,1.0
-0.2838930588671957,-0.4735497024468333,0.3041912003556756,1.593050002079092,1.653354003556405,1.0,1.0
-0.03906978934863217,-0.19058044233918556,1.2424079360614656e-15,-1.0381892450322645,-0.14071395412030838,0.0,1.0
1.5295626389945582,1.349543036373144,0.9077107188414102,0.867315203241996,0.6083850885178459,1.0,0.0
0.5190701093473928,-0.03929044117054653,0.5517455103095387,-1.361261111736509,0.7880127244638828,1.0,0.0
-1.4504551717795497,0.18540147304127683,-1.3679424585708968,-0.1418908224930574,-0.2202554918407307,1.0,0.0
0.43809976635062314,-0.32157181493027387,-1.4369233376160866,-0.6310277853167964,-0.3529235291233358,1.0,0.0
0.3265789832150777,-0.1741526166191248,-1.5328048369932057,0.7631242443245417,0.2661435268437106,1.0,0.0
0.13804778540852572,-0.24649941369729586,0.9937859527385738,-0.8080165997113139,0.7886833768064766,1.0,1.0
-1.296112509864472,-1.7808497369940484,0.17967725423466469,-0.38990639212111794,0.43041218962139666,1.0,0.0
-0.46374765322116,0.7104322506896673,-1.7264433184896046,0.11353250825963315,-0.4900521002987671,1.0,0.0
-0.8166750332920336,1.7776591537986376e-16,-0.5852179518649255,0.41524696450080734,-0.7414051494620453,1.0,0.0
1.0823297140415422,0.08773488407939542,-0.9169292874269633,0.3437789923112572,0.09608214585505308,0.0,1.0
0.5398649698987937,-0.02138931943375813,-1.074173915906474,-1.6058052208016376,-0.37354326354350803,0.0,1.0
-0.035677250255870346,-1.0516432108481883,0.5545871784975971,-0.9735040484835155,1.4408930667242776,0.0,0.0
-1.8964091238889746,-0.9905665597359492,-0.9023322604052287,1.750961633562779,1.653354003556405,1.0,0.0
0.8131369052896579,-0.1956989190435289,0.732391873370323,-1.4245934538602778,-0.9772083040947578,1.0,1.0
-0.3177686553415365,-1.2470432932702353,-0.5256334181982588,0.26360033551131046,-0.14071395412030838,0.0,1.0
-0.2839219159419227,1.9595343127690477,1.188683241371286,-0.24533934376076388,-0.14071395412030838,1.0,0.0
-0.4942509334394931,-0.28146746365730807,0.05997072825207766,0.5615241795157118,-0.14071395412030838,1.0,1.0
1.2175307727016313,1.2432054575744735,1.9442798288001788,1.6164163789522246,-1.6897091693254476,1.0,0.0
0.5941866742160541,-0.6147497797853372,-0.20592634927104753,-1.7777518460196475,0.12385746704043646,1.0,0.0
0.5807871116448131,-0.2189513464044607,-0.10011336485825324,1.7133146880861392,1.653354003556405,1.0,1.0
-1.282530357316851,0.5444559003458741,-0.76333704665688,-0.6153329988772396,-0.9424252407465737,1.0,0.0
0.41120951990255683,1.041883923391655,-0.541072205694741,-0.1728679074726648,-1.340327950977284,1.0,1.0
1.472980824890031,-0.3758797300376823,1.161228929633352,-0.9823636961056088,-0.14071395412030838,1.0,1.0
0.6472390493326878,1.4672301477237566,0.3900242054227144,-7.566446654630099e-16,-1.5053105096854025,1.0,1.0
-0.1835589200583527,-1.7685725699331973,0.535077361540149,1.4688807343236245,-0.05161300007205997,1.0,0.0
0.2807993966646782,-1.059093292205077,0.9780095669232741,0.5550677349997691,0.3670964520119212,0.0,1.0
1.2013575071650175,-0.37992261980874054,-0.9469139996519597,0.21890132914249746,0.0895900506171512,1.0,1.0
0.8401464989948542,0.05674061623198298,-1.5937931347479715,-0.04224933051326103,0.44951718986827266,1.0,1.0
0.11328083053581336,-1.2471121633918874,0.16345640077678936,-0.8882910605731209,-0.991860470257536,1.0,0.0
-0.13496750688750503,1.019597044079348,-1.3248680845636978,-0.07771310385831913,-0.1976007702930558,0.0,1.0
-1.2062168235854258,1.7776591537986376e-16,-0.38157032126866863,-1.795165479996234,-1.942944138390616,0.0,0.0
-0.7780389990390364,-1.3075066871227492,0.9974732772634823,-1.8980730559124899,-1.1448380192003378,1.0,0.0
-1.604912422274214,-1.5267196902625686,0.7730946962020404,-7.566446654630099e-16,-0.44916014538273746,1.0,0.0
0.9079277367418365,-0.29642811932890917,-1.4445215047059088,-1.6158699559047085,-0.1941586624520146,0.0,0.0
-0.07907625099100199,-0.7447678685364334,-1.8394678061299745,-1.2669812107856937,-1.212562664106011,1.0,0.0
0.8248385615065786,0.6031450768359273,0.5690612800131147,-0.23517104377695722,1.653354003556405,0.0,1.0
-0.39092680108891853,1.452536033530707,0.6460361859755839,0.858704143759802,1.653354003556405,1.0,0.0
-1.4318845222282761,0.783593169405226,-1.857007484021889,-1.782668908375388,-0.14071395412030838,1.0,0.0
0.10503492364076387,0.30844022037671476,0.25857174712939635,0.02285842678064927,-0.14071395412030838,1.0,1.0
-0.07532470747798153,1.6958026065902851,-1.0350829567280655,0.6344144896370917,-0.9077370737282807,1.0,0.0
0.42542085587760053,0.9943078032223568,1.3959332452977735,-0.30259527413105003,-0.9802351278101054,0.0,0.0
0.7931722081595161,-0.7148441676396995,-0.413482801922541,0.3409445804604278,0.5084246468185176,1.0,0.0
0.0041649707994399696,1.7776591537986376e-16,0.22579338593258913,-0.16844439797885416,-0.14071395412030838,0.0,0.0
-0.4108178994847787,-0.37521869545867115,-0.4425877195304715,1.2983868015732152,-0.7315187387718697,1.0,1.0
-0.0108619953323447,1.2703782848290848,0.02924911680392717,1.1748530418918126,0.7288681258653315,0.0,1.0
7.397145782839753e-16,-0.5596530743498301,0.19568549878538818,-0.2738472233508315,-0.07865789845126896,0.0,1.0
0.10331627282695226,1.3438308251767455,-1.4280065554106993,-0.3347579466885399,0.18928312879794115,0.0,0.0
0.9725219113238636,1.7776591537986376e-16,-0.5758237195245133,0.3536216411664293,1.653354003556405,1.0,1.0
-0.008600263033729275,1.5356321351995716,-0.5138609426789774,-1.1959207994148295,0.9045596486289535,1.0,0.0
0.26970170293248447,-0.6676629285341685,1.0197636492102147,0.9798793698449823,-0.14071395412030838,1.0,1.0
7.397145782839753e-16,1.023829475550975,1.79322532238255,0.00610349540378977,1.653354003556405,0.0,1.0
1.0678409941340603,-0.8142231947392223,-0.01645442320519053,0.5830871556447154,-0.14071395412030838,1.0,1.0
0.2945353643096393,-0.18340226463106757,0.14868123155657056,-7.566446654630099e-16,-0.14071395412030838,1.0,1.0
0.9489626989204839,-1.044476821358857,1.3866432799643325,-0.9625884215659146,0.9709827861405461,1.0,0.0
-0.923442304099344,-0.21784611700274698,0.7528857714086836,1.5477025576235868,-1.404228484010569,1.0,1.0
-0.4424153021762576,-0.05215745396364769,1.8690947022272795,0.7239521543920592,1.653354003556405,0.0,0.0
1.9631084326912902,0.17836886368021018,0.6978230534643808,0.44229660985653957,1.32024397760817,1.0,0.0
0.027923660835984465,1.6073110757814075,0.7190200266909342,-1.2100092983648794,-1.3243419712431526,1.0,0.0
0.08434998708676926,-0.034039597134241095,1.8968145476437441,0.5425552456277901,0.8471757974631717,1.0,0.0
1.5969129650717393,0.4606855707424112,0.5029479187415826,0.9396880979611058,-0.4989084678800363,1.0,1.0
0.26887703497471466,1.4392536410295744,-1.4327647736214946,-0.7391294765290103,0.40445177887227884,1.0,0.0
7.397145782839753e-16,1.7776591537986376e-16,0.7123788642716166,1.597991353720937,1.653354003556405,0.0,1.0
-1.5526869616944168,-1.8709483780322194,0.6024058346824789,0.8252653179958385,1.3498090886779217,0.0,1.0
-0.2879094680160915,-0.953745834069116,0.41586502198631786,-1.1027094283245127,1.019553914638828,1.0,1.0
0.594040899203848,0.23746394637060733,-0.3341979239785509,-0.9071430696407571,-0.16563359497394883,0.0,0.0
0.6499485869092507,-0.005871933408027978,-0.5657444382068194,-0.7752134705348886,-0.9646039051943802,1.0,0.0
0.22433729235417696,-0.09656082549846821,0.6742269401713242,-0.19441346961236966,1.3115380846622549,1.0,1.0
1.2156983250600129,-0.40676202296926467,-0.48236068052857367,0.30457290492866324,0.6456638113902795,1.0,1.0
-0.1368099704032495,-0.3484890889175101,-0.150624750491622,-0.4815890722646391,-0.46219036507099953,1.0,1.0
-0.4237576026202037,1.9578064961783304,1.3076431891140932,-0.5899184193226967,-0.14071395412030838,1.0,1.0
0.14269749933580114,1.1114205147233762,0.29612990600071626,-0.14784151282278302,-0.8199873640305081,1.0,0.0
-0.020444404312083105,1.0462155524058492,1.7737451692362018,-1.4275120721087762,-1.1562077945463212,1.0,0.0
0.14716156855309212,-0.45466693243711753,-1.655604521151426,0.3724302780231215,-0.7954455248294768,1.0,0.0
0.9907248042269222,-0.4194823809587049,-0.6536762692182899,0.1422368356554387,0.9912572809774692,0.0,0.0
7.397145782839753e-16,0.6908575026231603,-0.22029627862874823,-0.29430948472165125,-0.14071395412030838,1.0,0.0
1.0720751312648276,1.7776591537986376e-16,-1.1213367810221095,1.1892234463523588,-0.14071395412030838,1.0,1.0
-0.39963223022669303,-0.5785313036962748,-0.9683700798960799,0.2105989025891786,0.8176325936990568,0.0,0.0
-1.2628249543887426,0.1849042810952813,-0.8470368608129573,-1.1493974001540765,-0.7785248196057548,0.0,0.0
0.03887757579242163,-0.07545145605075423,-0.38904745787514505,-0.683071695440642,1.653354003556405,1.0,0.0
-0.2270499727064683,-0.47911810055406445,-1.8212601639699173,-0.8684774132129324,-1.678542522194964,1.0,1.0
0.8076707117991625,0.28122299947742385,-1.2416306250410079,-0.6224917319175102,0.2051556123758312,0.0,1.0
0.669708058176282,-0.5487760744934191,1.2753334636808085,-0.24579558731008924,1.5020585021460262,0.0,0.0
7.397145782839753e-16,-0.5254183802975657,1.2424079360614656e-15,0.03850006097046275,-0.8106015955961828,1.0,1.0
0.4826852774751549,-0.19031730487406298,0.6501914266973744,-1.1332716204103117,-0.10917511287187803,0.0,0.0
0.4028525362221301,0.2898907292552499,-0.9387792881449549,-0.6998749259980083,-1.0957213611900696,0.0,1.0
0.09532326449378864,-0.2080335778060181,-0.27239078159243485,-1.4728939799637795,-1.9053763071960077,0.0,1.0
0.5494370501636053,0.04391187946009216,0.961484930686603,-0.03894484184546484,-0.5888104430597421,0.0,0.0
-0.46248902045865775,-0.7382008742329974,0.5391072260923713,-0.008380701852257796,-1.0636222975835752,1.0,0.0
-0.14194083703610164,0.17073097489108538,0.49481301355802504,0.9578782407852897,0.609761430201984,1.0,1.0
-1.4882415930408897,-0.33306994235893367,-0.7023141538674404,0.24290862514552788,-0.8917534324527042,1.0,0.0
-1.6355775616249777,-0.585676793754489,-0.386563669972252,-0.1548320296634102,-0.34335865177136893,0.0,0.0
-1.0098819626634856,-0.9836225993504827,-0.7475617941486389,-1.3968806070290047,0.17064650439473228,1.0,0.0
0.5031370812584437,-0.08544611280857696,1.3797497715527722,-0.9393927143660107,0.7084138480596813,1.0,1.0
-0.4145120159115296,-1.0295220323930083,0.8193007416702383,0.5296949514664889,1.653354003556405,1.0,0.0
0.11920087677240927,-0.15633906524505908,-1.2861785913058752,0.013421826648951075,0.36471611774170165,1.0,1.0
-1.1492540989699815,-0.6007708693638696,-0.295954461781956,0.4230031412921565,-0.6924432143503643,1.0,0.0
-0.3683197577798873,1.4584942615136138,1.6567629171575502,-0.8454155266590876,-1.2614286538582833,1.0,0.0
7.397145782839753e-16,-0.8252353339892162,1.1160983755545748,1.6989605390000035,1.653354003556405,1.0,0.0
-0.8010968389704455,-0.0678250969648576,-0.766089837749034,0.3437789923112572,-0.7039829707918548,1.0,0.0
7.397145782839753e-16,0.042494874426615106,0.11806616728794661,-1.4078794888156643,-1.7285354626080536,1.0,1.0
-1.4574317730016737,0.11461255628421271,-0.0006609907513717541,0.2914958265229584,1.653354003556405,0.0,1.0
-0.8919980665586822,-0.40523049292951424,-0.4572500818566955,0.8652978090336853,-0.13079494690042034,0.0,1.0
-0.5445129656358924,-0.24336216588551293,-1.580055793560923,0.9653567840934909,-0.6350229680243766,1.0,0.0
-0.5913029297048658,-1.2707118151122823,0.9627501039301258,0.30980759056127954,0.5491172190490342,1.0,0.0
0.4661980402927502,-0.030326722444091923,0.2343771688601735,-0.18978967029826108,0.765340756219968,0.0,0.0
7.397145782839753e-16,0.324415801611522,1.2424079360614656e-15,-7.566446654630099e-16,0.5979091822624596,1.0,1.0
0.7048321921439872,1.235286304217162,1.7862890953815864,-0.1734750558345617,1.653354003556405,1.0,1.0
0.8598630788699395,0.955218567936665,-0.4214901786365647,0.013189648755585,-0.2866650341127009,1.0,0.0
-0.20684712974298589,1.447218704901012,-0.7002821127761903,-0.2892260239450405,-0.8073071582545874,1.0,0.0
-1.7466597348685848,-0.41040821792264337,-0.7596917287444432,-0.8248372278879621,1.653354003556405,1.0,0.0
-0.2415565851690051,1.0995047893487513,-0.3352820743736435,1.3013126011446168,0.7134024342192958,1.0,0.0
0.1605402463320078,-0.4174856102426276,1.2424079360614656e-15,1.0435437310902382,-0.08932083785871248,1.0,0.0
-0.7916120694801576,-0.599915956626447,-0.5613294385726361,-0.40589144876824307,-0.8147008887070861,0.0,0.0
-0.5293566306393843,0.11816769210828497,-0.55511990817559,0.8579107964621053,-0.14071395412030838,1.0,0.0
0.5955821703391029,-0.5230650274714493,-0.5958885936283526,1.381565782978127,1.39347640627439e-16,0.0,1.0
-1.0403868420184934,-0.6219677696635761,-0.7985854910889942,-7.566446654630099e-16,0.9367233611186428,1.0,0.0
7.397145782839753e-16,-0.5049925690014672,0.9784139014990905,1.923893894576142,1.4790790322795457,1.0,0.0
1.250844689323411,-0.828712788119649,1.9442798288001788,-0.06237658678881275,1.653354003556405,0.0,1.0
-1.5098023931551563,-1.092816188986154,-0.9471408816168821,-0.31966902200496583,1.653354003556405,0.0,1.0
-0.1986630348590892,-1.1015017366067354,0.5448531613736798,-0.9562853854125729,1.653354003556405,1.0,0.0
-0.15122478658938832,1.265308874987913,-0.2856392764100993,1.7094922779998727,-0.14071395412030838,1.0,1.0
1.6820570940560877,-0.802263995667486,0.9443634800270627,-0.791502219795788,1.102513368054735,0.0,1.0
-0.8204676766184581,-0.8693346695918774,-0.13857569648566023,0.0754401712999795,1.653354003556405,0.0,0.0
0.9274186409873647,-0.1826418901125841,0.47965279822077367,-0.3807114480320642,-0.699636848143662,1.0,0.0
0.16471168667203812,1.7776591537986376e-16,1.9442798288001788,0.007141789113901441,-1.8334296649730486,1.0,1.0
-0.9883984001001247,-0.21534037856039348,-0.23984699290137346,0.9972899621190396,-0.07239126500215244,0.0,1.0
0.2620448304307489,-0.17126550977892077,1.1623168942870776,-0.5894617767158629,0.4739774945650648,0.0,1.0
-1.6664565314990505,0.05573653622436502,-0.2937657368030783,1.2596734779760104,0.7535438094944332,1.0,0.0
-1.0134305625340592,0.349654270097988,-0.07048870242772669,-0.12231870399105031,-0.5259323089144844,1.0,0.0
-1.179830173721981,-1.205808184548148,-0.7097238903996897,-0.3377395904882883,-0.3064923294420616,1.0,0.0
0.013799142551851065,0.9805126665623413,-0.6654704467794106,-1.7820690053428787,-0.14071395412030838,0.0,1.0
0.6944326089375273,-0.9657528574424832,0.9832531761419389,0.32883705017923226,-0.2412335630610086,0.0,1.0
-1.6470381614864051,0.9550017420175589,1.0675102436069361,-0.8123686035093993,0.02666336717981414,0.0,1.0
7.397145782839753e-16,0.042953759515900615,-1.2212065268655665,-0.09750080580511451,0.38435475551643417,1.0,0.0
0.015030857900062054,0.41176830617092836,0.28377768971328415,-0.18162819098001748,-1.1717924314417683,1.0,1.0
7.397145782839753e-16,1.7776591537986376e-16,1.660280294355171,1.9522013826945905,1.653354003556405,0.0,1.0
0.7908696496634781,-0.20575481829085832,0.6468278254348396,0.19829147270727088,1.653354003556405,1.0,1.0
-0.5262132194024822,0.35469548887333047,0.7052706634895999,-0.43158300708145314,0.5448365509556216,1.0,1.0
-0.8948669143270594,-0.5947853435863697,0.5791397033635082,0.14736912296277646,-0.45852154128020095,0.0,0.0
-0.0572752903806345,1.5599667460991333,-0.20308618918703644,0.8389448376265513,-1.1913752994377091,1.0,1.0
-1.1649445427967688,-0.15601572893585858,-0.057662163842309516,1.7647803672721625,-0.3876740572901704,1.0,0.0
-0.8719362419856151,0.07303140885167546,0.24610196560293582,1.8155728374913183,1.653354003556405,1.0,0.0
-0.2860859338420184,-0.08677590945008454,-0.6446738490633815,-0.393679688754559,-0.6423478489981291,1.0,1.0
-0.2109089175388898,0.7478982975297023,-0.5956359160877973,0.8273368901592363,0.1307451228731337,1.0,1.0
-0.14087813368009525,-1.033330028133988,-0.46617599102620877,0.24296884755200157,0.9334548254829081,0.0,1.0
-1.5471828471415519,-0.7356554983887392,1.9442798288001788,1.3388925645074774,-0.6915378561804087,1.0,1.0
0.32702221262354975,0.35382507793581236,-1.277637891803584,-0.10734398821959736,-0.6944561590878634,1.0,1.0
-0.036394827305310955,0.2768591601168113,-0.30502864491415616,0.28431480903481104,-0.3323855299764407,1.0,1.0
-0.32719234628087507,0.3567716157171406,1.0781078455708228,1.325140572284615,0.8608634218598772,1.0,1.0
-0.3392166868270116,-0.18482823843565446,-0.37471272079847895,-0.8694580915348418,-0.1396693298350805,1.0,0.0
-1.197403756493978,0.003199061748440053,-1.1939161970585714,-0.1671667705869281,-0.7738228739326297,1.0,0.0
-1.9124893208629319,-1.4021873438584622,0.320738770672019,-1.159551585965858,-0.14071395412030838,1.0,1.0
0.5958453989338115,0.04753381808565313,-1.8415746782690678,-0.7972579286119594,-0.14071395412030838,1.0,1.0
-0.11805397058919712,-0.04412155010475446,-0.04245683053967183,-0.002160761288849367,-0.10424527905115344,0.0,1.0
1.2041503311136526,0.9205871350691114,0.341771350303423,-0.31219740790069705,-0.26604191568726304,1.0,1.0
-0.07263080612259604,0.12278781700949078,1.0793863555584309,1.021650750502498,-0.7401357836005037,0.0,1.0
0.635282942697753,1.0356698164518512,-0.21939198369566937,0.4646540797636408,-0.5989223075639697,1.0,1.0
-0.14228321312547415,0.16184120568806304,0.01359007841174965,-0.6296822418279805,-0.3653727974335881,1.0,0.0
0.3255974332091968,-0.6769304250962851,0.37714823373850376,1.252622289560649,1.653354003556405,0.0,1.0
-0.7015502762539524,1.441351055826332,1.9110047192513495,-1.3696356704932433,-0.6951034026887688,1.0,0.0
-0.3387386723188357,-0.07181268879503201,0.09861397125959008,0.11477645305225981,-0.3260207865341095,1.0,0.0
0.2063817295362892,-1.4418975769081133,1.2424079360614656e-15,0.41009062350543984,-0.6096074601752137,0.0,1.0
-1.032524743170441,-0.43832056318717544,0.7869095743318169,0.5268524857867962,1.653354003556405,1.0,0.0
1.3651601396829096,0.571049955024172,0.9458135795800776,-0.7460951543668197,1.653354003556405,0.0,0.0
0.7648867176035365,0.3876333186436835,0.4526132722323856,0.8528578625710158,0.8959060813362484,0.0,1.0
-0.4241452985300263,-1.127360623661081,-0.5665922432917226,-7.566446654630099e-16,-0.7628175770675976,1.0,0.0
0.5901693866213643,-0.02964237333836161,-0.24173581859463952,0.3517757381343345,-0.652613153041179,1.0,0.0
-1.0964903394968444,-1.5156593698754102,0.17705054277613128,-0.133526919420299,0.35988520609230984,1.0,0.0
-0.13221712755268944,0.32395943413263084,-0.6759612735872345,-0.20868966082451315,0.9201194745446568,1.0,1.0
0.1820812754331832,0.2896992234113133,0.6371894359593885,-7.566446654630099e-16,-0.2214289821279196,1.0,0.0
0.2163472059337518,-0.7220034093704375,-0.2511706840353029,0.5425552456277901,1.1603227211849947,1.0,1.0
0.1956854253015323,-0.7375310960752697,0.6370952584868314,0.6184309811794734,-1.1476458481103755,1.0,1.0
0.2695098678132651,0.4300370230395131,0.48609352574547693,-0.9880791891323778,-0.14071395412030838,0.0,0.0
-0.13669530186427564,0.712030647147856,0.32375978979793535,-1.3503530730197548,-1.6325061758143828,1.0,0.0
-0.5571371387912673,-1.1367923307019996,-0.3419689287722451,1.6133821586555699,-0.32067369837862725,1.0,0.0
0.5946576914733127,0.621327496539218,-0.27235173032165433,-7.566446654630099e-16,0.6213199248432772,0.0,1.0
1.5815473005850376,1.051582316558604,0.782495620152639,1.336553051716213,1.653354003556405,1.0,1.0
0.8169931514503055,-0.8071176918467031,0.3950435072834574,1.5992485736233695,-0.6164448410282483,1.0,0.0
-0.4372669491681136,0.42647338871493656,-0.27531719213611294,-0.7212061809421209,-0.5112102602243878,0.0,1.0
7.397145782839753e-16,-1.5684788886555032,-1.6109330218791884,1.3036544448344844,1.0431638834955643,1.0,0.0
-0.10680536584028458,-0.39894686844954264,0.37544675802794336,0.4099053582996735,0.422551421811617,0.0,0.0
0.14006267271381778,-1.5048331930738714,0.6484915417012511,0.5141586380111436,-0.22075824920700463,1.0,0.0
-0.4713872110439514,-0.646343180458104,0.5384104573870244,-0.9518771433581584,1.5648182491553926,1.0,1.0
-1.3423201932897093,1.7776591537986376e-16,-0.19112975672924934,-0.35429201720783593,-0.14071395412030838,0.0,1.0
-0.04906671390519842,0.24455616146965298,0.1963569524220451,1.06038533739574,-1.106584795670536,1.0,0.0
0.8302165068915334,1.206234942397976,0.3671927464673469,-1.4794400077625258,1.653354003556405,1.0,0.0
0.07426543611457054,0.3565258371302023,0.8186099938027047,-7.566446654630099e-16,0.7922002458523054,0.0,1.0
-0.5449954951358993,-1.560335345055013,1.9442798288001788,-0.2284537598389181,-0.16944573533425097,1.0,0.0
-1.1502867799494725,-0.956578635909712,0.6981199584351896,-0.6768762185956798,-1.957110093465222,0.0,1.0
1.711556525708129,-0.3292319040013015,1.538904014068146,-0.6302551829264439,1.653354003556405,1.0,1.0
-1.4685323216359694,0.1173233628868907,-0.9635077292595258,1.102083759729899,-0.4309161949675549,0.0,1.0
0.289122305086881,-0.5616770789771879,-0.4417420459887489,0.06833189842977351,-0.6381209079771031,1.0,0.0
-0.6791209940495069,-0.8858341296387962,0.5989324546539674,1.6264943249375428,1.1526889359547459,1.0,1.0
1.0504678967076977,0.23657560466863062,0.43168308523853555,0.7451129567425211,0.8514098591018465,1.0,1.0
1.438311420970195,0.6776279650196112,0.4953990690804484,-1.320465046935846,-0.6881490730341673,0.0,1.0
0.04478554352987252,-0.9882276363156576,1.9442798288001788,-0.371610242946698,0.9301085865414855,1.0,0.0
1.3545449534176384,0.04716553032101255,1.2242199405547203,0.3183769360432728,-1.80440512710526,0.0,1.0
0.4415245698425532,0.3631653219449414,-0.6044360221608631,1.3110195182727626,-1.8738720541849607,0.0,1.0
1.0853126968940234,-0.8193038947692683,0.3159828231101017,-0.14448211250361184,1.5027988500739728,0.0,1.0
0.4488253898669479,-1.9341927686724145,0.26037499831629507,0.08839925610630552,0.8273331118400682,0.0,1.0
-0.8974789598273618,-0.3067045327595624,0.04634403053668651,0.5819916986172308,1.653354003556405,0.0,1.0
-0.5082253785701399,0.7318708863531698,0.9468203435762943,-0.37974743575273157,1.653354003556405,1.0,0.0
1.2184423516631795,0.08360036944056852,-0.23298063904588528,-1.5005413885454815,0.005995554935604081,0.0,0.0
0.6787283237987025,0.4700385324949339,0.9520155035218595,1.4386168028333444,-0.14071395412030838,1.0,1.0
1.3260656814987766,-0.2962123396540484,-0.9699180354243643,1.226458963456942,-0.14071395412030838,0.0,0.0
-0.7728303540239129,-1.5264215577046307,-0.026672209748412806,0.6237181656861317,0.3253017150618974,1.0,1.0
0.675272700886007,1.5993345291969985,-0.11153870663973027,-0.8219553288570675,-0.14071395412030838,1.0,1.0
0.6694153458778414,1.7776591537986376e-16,0.5976423907545132,-1.608560968466306,-0.14071395412030838,0.0,0.0
1.7313930690425505,0.8110771023160427,-0.9899827091821262,-1.5534595486175857,-0.7193144700605967,1.0,1.0
-0.3875695238869858,1.0913094104651364,1.9442798288001788,0.29771166962881523,-0.23966531980974523,1.0,1.0
0.8840130949141198,0.5291009426983442,0.36956634056440263,0.26360033551131046,-0.9522080591099176,1.0,0.0
7.397145782839753e-16,-0.8891076744997278,-0.27010537951851793,0.08983605975856145,1.653354003556405,1.0,0.0
-0.0038648923783965883,-1.3517490421428613,-0.5263867396573332,-0.35010046674494716,-0.24044541767508806,1.0,0.0
0.9582028633183034,-0.8108908090853189,0.23026713224315298,-7.566446654630099e-16,1.5279992352970648,1.0,0.0
-0.13709715088735058,-0.4092577619959259,-1.765994453388609,-1.9560408847703599,-1.5830500322621455,1.0,1.0
-0.14524911666495588,-0.5789701508060513,-0.757820465327915,-0.38861205555050116,-0.14071395412030838,0.0,0.0
-0.29895248435273886,1.988527240435284,0.7221476430471915,-0.8376470335306152,1.653354003556405,1.0,1.0
-0.5172727607500105,-0.8802193917991243,0.7571118986760049,0.0084025743333213,-0.5103952804442495,0.0,1.0
-0.4687380699381607,0.42063019534567014,0.4651105719889651,-1.3098797043644603,-0.4755958420128822,1.0,0.0
-0.28289176694885565,-0.46966829241424013,0.15810358704136834,-1.3968806070290047,-0.6642089558310746,1.0,0.0
1.5467700938876983,0.8966117760166581,-0.6840692350559288,-1.1919581643571726,-0.14071395412030838,1.0,0.0
0.023270355330398555,-0.553026412523779,-0.48005250072105593,-1.3303501917495901,-0.0265420469451116,0.0,1.0
0.3753590457899258,-1.0000923331764493,-0.5534618298584044,0.11487371234575985,-0.3712428791939498,1.0,1.0
-0.7259052322842957,-0.24992642569477658,-1.1627731077777144,1.647887859397603,-0.14071395412030838,1.0,1.0
0.35927038239265036,-1.4257065507919335,-1.2861156131817917,0.6022596238721455,1.5333049822249478,1.0,0.0
-0.8417745558734553,-0.3309598404747984,-0.5095450110892265,1.0167785928258066,1.653354003556405,1.0,1.0
0.6387305270918766,-0.17684698125095036,-0.41493965443801983,0.8215101557442709,1.653354003556405,1.0,0.0
0.35852848927854397,0.09309478211799366,-0.554705475740087,0.3974521352194956,1.653354003556405,1.0,1.0
7.397145782839753e-16,0.9085219560901991,0.8864882923620686,0.3909140590237747,1.653354003556405,1.0,0.0
-1.7327142551506813,0.10399518000718877,-1.4608755419667285,1.2976879640959686,-0.09802252215440807,1.0,0.0
-0.13531598027502328,0.44149466564662015,-0.02878660213844482,0.6062093861912827,1.6097668885258176,1.0,1.0
-0.8405934342501266,-0.035949319101582965,0.35560356448302743,-0.7450710613337123,0.26895057551502854,1.0,1.0
-0.32719234628087507,1.355116788021551,1.4081513712597786,0.7921464809951679,-1.7033038358537114,1.0,0.0
0.8014141178856093,1.4189069914271735,-0.795514446813471,0.009720024056984978,-0.2372842153406359,0.0,1.0
-0.536357594749936,1.7776591537986376e-16,0.4811473366269614,1.3779746137486484,-0.4435163038356787,0.0,0.0
7.397145782839753e-16,0.5113176900135891,0.4107381714241049,-0.3408551040096574,-0.42905666348909816,1.0,0.0
0.008289911232417478,0.4797271642523936,1.0025216017908556,1.7415350291095688,0.08314415176551786,0.0,1.0
0.06974649206089581,-0.9200971774948846,-0.6912053236599686,0.15261031822358584,-0.9274005832792734,1.0,0.0
-0.08202195059036488,-0.8562442345269797,-0.040904232014041114,1.2285387038387576,-0.6796313875952755,0.0,1.0
-0.6066028243706753,0.12228497987915767,0.17533084570779753,-0.05022393836972974,-1.6026480308663535,1.0,1.0
-0.8420839039545124,0.5373075063406889,-1.1352058843121813,0.9922497990052195,-1.320598633580746,0.0,1.0
-0.20976782952855166,0.5086787876920528,0.6814427410512672,-0.003670599312333349,-0.2777800514482954,0.0,1.0
0.13243291987669104,0.8688496215995251,0.6169704411560223,-1.1143697024134727,-1.789695240829253,1.0,1.0
-0.5341208996093648,-0.6905783743416961,-0.8476376294076164,-0.3010151315994514,0.05774447201474565,1.0,0.0
-1.0169841642947537,1.000106917604871,0.5929803257710868,1.0470481681788724,-0.31915026931507984,1.0,1.0
7.397145782839753e-16,-1.3746308582560791,-0.7143620226858113,-0.6276062604452375,-0.34103189604820483,1.0,0.0
-0.2885978059840041,0.7733068227448497,1.3600185429905873,-0.40589144876824307,-0.14071395412030838,0.0,1.0
-0.3175369620808885,-1.0164052538050652,-1.5842159773548905,-0.32574102388970444,-0.2176945881921299,1.0,0.0
0.939572701244065,0.22668958163608074,-1.04595123989462,0.659167544119106,0.3278998663747078,1.0,0.0
-1.008524867843766,-0.42518829807962183,0.2746577300861051,0.9688234228844349,-1.4243755928200992,0.0,1.0
0.22260302422268513,-0.779278943317209,0.47004835792625016,-0.8257984654501869,-0.19218681066756405,1.0,0.0
0.9624976950804353,0.5054864269784444,0.9139209753161378,0.05567295897685054,-0.5029273372767823,1.0,0.0
1.593641239031694,-0.4777082205489593,1.868793085000045,-1.3595493887378798,1.3870144572894072,1.0,1.0
0.8281283772200948,-0.05326549229623562,0.178679846628891,0.32416291468133523,0.4295243777114492,1.0,0.0
0.11290734767208015,0.6902034849515419,-0.6981154952663731,-1.7503928067582233,-0.06285808358192493,1.0,0.0
-0.6022514040754835,1.0157210432556716,1.9442798288001788,1.4008780459861905,-0.7643719276537616,1.0,1.0
-1.3400811513667132,-1.0784712002175632,-1.4022082676618448,-0.014798887533224964,-1.007119242571485,1.0,0.0
-0.8617248289032976,0.8686915405102883,1.2424079360614656e-15,0.30256367315915816,0.001876364664164332,0.0,0.0
-0.19089547398358844,0.7215191276708806,-0.3405110052915028,-0.12637441288830348,-0.7976565275089911,1.0,1.0
0.8242621845833212,-0.9718404342093144,1.2424079360614656e-15,-0.15392828805396205,-0.6459420465045768,1.0,0.0
0.2666284635062429,-0.8986669954719355,-0.32560666768559665,0.006652529178006398,0.3959563182802034,1.0,0.0
0.4239197466303801,-1.2410984751534366,0.9509405655840913,0.21323347674027854,1.653354003556405,0.0,1.0
7.397145782839753e-16,0.32692691968084153,0.6830427475138537,0.33272190615964153,1.653354003556405,1.0,1.0
0.5892345730053731,-0.6753351699397897,0.565406017085379,-0.04620963238329041,-0.11856224863951971,1.0,1.0
0.5296270163696053,-1.0250679320370577,0.37070489565564707,-1.6213765328485954,1.653354003556405,1.0,0.0
-0.4646919847031918,0.500393201908301,-0.32338829706571587,-0.7478484202171511,-0.7253531484792313,1.0,1.0
7.397145782839753e-16,1.7776591537986376e-16,1.9442798288001788,-7.566446654630099e-16,-0.14071395412030838,1.0,1.0
-0.6660927349311033,1.3753633755235377,0.16764149623798047,-0.6937468657444701,-0.14071395412030838,0.0,1.0
1.2839191126717273,0.524803388069578,0.47087141409181366,0.15316364089041642,1.39347640627439e-16,0.0,0.0
-0.8445219078472664,-0.3318376582546,-0.4008263339901435,-1.5860609150905782,0.08955172244190747,1.0,1.0
-0.841509975641652,1.2977544555427136,-0.9413765995362305,-1.1299288806509271,-1.6903976565280454,1.0,1.0
-0.034859371399466224,0.6917231621246802,-0.33001937216988975,0.01801926339973531,-0.6365588819034659,1.0,1.0
-0.1993843281818632,0.32003868373761635,0.8858782545309287,-7.566446654630099e-16,-0.9339716387050453,1.0,0.0
-0.8500797063258351,1.7776591537986376e-16,-0.1628878702413072,-7.566446654630099e-16,1.3244442040000375,1.0,0.0
1.2638955364026478,-0.7451332038142522,1.9442798288001788,-0.5940131071608431,1.653354003556405,1.0,1.0
-0.9834611223292808,-0.11866455457712825,0.004188844510568102,-7.566446654630099e-16,-0.28046959367252877,0.0,0.0
-0.45454819419032694,1.7776591537986376e-16,-0.24032921289414022,-1.1096590757270022,-1.0472060797544143,1.0,1.0
-0.23323815135018203,-0.3133310075598108,-1.4674785327788606,-0.8394670804921427,-0.018823880535324855,1.0,0.0
-1.2744966664942927,-0.9349471116462175,-1.5827145026057448,-0.5127972900440959,-0.5012644755515192,1.0,0.0
0.04254336893956686,1.6405887381199915,0.61632568341927,0.3943604496284107,-1.0334513273780517,1.0,1.0
-0.8597692911292023,0.6350629010122143,-0.1514852732740023,-0.6651630918624853,0.6156179640074314,1.0,0.0
0.4937104992344676,-1.1233564037171884,-0.5279709672107294,0.5650302857793552,-0.4504490754127515,1.0,0.0
1.3792416261130909,-0.5469221478644096,0.14934751747076025,-1.0603196679015046,-0.8417199803608213,0.0,1.0
-1.4912090129098488,0.8237712431784214,1.5620652657245937,-0.08186695530909995,0.5477911972710191,1.0,0.0
0.0619067251646632,-1.6091999824517706,-0.29284314853799115,1.5333677145573639,0.345563706360342,0.0,1.0
-1.275987937024263,-1.038313244404884,-0.9151834194550104,0.7048089569552609,-0.5761866063797224,1.0,0.0
0.9701878949456466,-0.8112752362806814,0.6800952254235577,0.6827197817454305,0.5435984826677958,1.0,1.0
1.0781981881256124,0.01609945035131549,-0.3258832186732198,1.467869093819042,0.11222356926799965,0.0,1.0
7.397145782839753e-16,0.6167034754057886,-1.1626128459816674,-1.186384041031645,-0.2428191716218873,1.0,0.0
-1.9656948797077631,-1.0215117442117645,-1.5899229215872341,-0.40589144876824307,0.5997416025731854,1.0,0.0
-0.48596712123251984,-1.6718199890318237,-0.23908707864699597,0.4815618890749916,-0.2830035830509879,0.0,0.0
-1.4439583152685482,-0.23898691142975673,0.7907877667650219,1.5432100149447057,-1.1052443153683835,0.0,1.0
-0.32151128648317806,-1.1831397628209133,-0.3803518802723689,0.9865090174727421,1.653354003556405,1.0,0.0
-1.0104998843479642,-0.7396265490589435,0.12303440830195377,0.059432264568149235,-0.9968602698249902,1.0,1.0
0.21077768494368282,1.7776591537986376e-16,0.8060426754336898,-1.4764154404627745,1.653354003556405,0.0,1.0
-0.3558540345069723,1.7776591537986376e-16,1.5321377710022102,0.7312155284190454,-0.7905908570493289,0.0,1.0
0.1570486266457937,0.21299655479889076,-0.210258663223152,0.5547774968442335,-1.8435839208673062,0.0,1.0
-1.0538342849153464,-0.300243029594427,1.1921233512713516,-7.566446654630099e-16,1.3404169972832845,0.0,1.0
-0.5799367719495773,0.7731279199271495,0.3532181777423338,-0.6389568480737519,-0.14071395412030838,1.0,1.0
1.2174501861881093,-0.7162817474392305,-0.6152173722974615,-0.20405936674278946,0.4741348125868523,1.0,0.0
0.9704201892290977,-0.30386644318486794,-0.17793096099983624,-0.9507438051234092,0.02267720963480263,0.0,1.0
0.7043135920488189,1.7776591537986376e-16,1.7460067603237146,-0.044851317366731695,-1.6171040042020282,1.0,0.0
-1.1961952805708205,0.8680750210987406,1.7284654789459526,-0.6376386048650101,-1.3087928498783494,0.0,1.0
0.6751271713225074,1.191041874105158,0.2884048118235813,0.706515445456892,-1.38439928423908,0.0,1.0
0.332842286464398,0.6750187631081359,-0.42044821928132997,-1.4468695279833996,0.10245170754585646,1.0,0.0
-0.5865021380790368,-0.9072492004041218,1.5584218979950575,1.1164561116636056,-0.44368206424035905,0.0,1.0
0.5081583873820955,1.309799014192656,-0.23033047548849014,-0.02087843421143585,0.08149675089647117,0.0,0.0
1.2077127588804815,0.91874736935015,-0.544051301160478,0.4299272006682611,-0.731087854628487,0.0,1.0
1.0795513482171621,1.4600553233692781,0.5478016806806891,0.9197783627171228,1.0981009368006502,1.0,1.0
0.08503539903241847,1.1318200499812328,-0.3316119204693659,-1.7156511696008596,-0.14071395412030838,1.0,1.0
-1.1386902621447816,-0.4473610303302693,-0.1173387469501088,0.08557638378242896,-1.18816809311981,1.0,1.0
1.8392369704129128,0.17025405117337045,0.24732354523797845,0.12459568538547013,-0.952315602765872,1.0,1.0
0.34599173440988745,-0.8150603005607759,0.3854081437569206,-1.6435807520935621,0.019276732595665293,1.0,1.0
0.5070557979624162,0.40448706807883333,0.45412866960343157,-0.13719154209280643,0.14516966072794024,1.0,1.0
0.004320860676239238,-1.303887892588378,0.916340729537406,-0.5794519344340594,0.67737455259336,0.0,0.0
-1.3165198419697945,-0.10964469012397406,1.0554731813995426,0.5141586380111436,-1.9578564722801572,1.0,1.0
0.7132040439781431,-0.39586966886778396,1.5093707244057841,0.5425552456277901,1.653354003556405,1.0,0.0
-0.43269868706674114,0.5551924195096233,-0.36323757175792953,0.40432870944899635,-0.2087172964074694,1.0,0.0
0.7610565930396426,1.7776591537986376e-16,-0.8107718585632949,-0.8386778044635197,-0.6110957849734298,1.0,0.0
-0.7749341096789236,-0.17183707507873108,-0.43753568038328555,1.092993059339774,-0.1417596192630202,1.0,0.0
0.7205877393211032,1.7833849687622843,-1.2152392240109624,0.5885963472975011,-0.14071395412030838,1.0,0.0
-1.5833947600281715,1.629585152517815,1.9442798288001788,-0.10638196632738943,-1.3553811156700843,1.0,1.0
-1.855669331632447,-1.1501225688241803,0.0331957880959804,-1.2334206363090048,1.6178148982389313,0.0,0.0
1.9139895419126907,1.368545246312141,-0.13837043635880977,-7.566446654630099e-16,-0.07621796982915456,1.0,1.0
0.6120480763856938,1.252350411325445,-1.5219535090588745,0.7678881535836514,-0.18102330754286056,1.0,1.0
0.8160678172136043,-0.34307284194252347,-0.3618453942505416,0.9233185171006506,0.41263120730215763,1.0,1.0
7.397145782839753e-16,-0.7434806433676914,-0.7932458580432283,-0.17246000070181203,-0.948883079077675,1.0,0.0
7.397145782839753e-16,-0.5631157774024004,0.1935442454975619,0.2120592338042131,1.653354003556405,1.0,1.0
-0.5393554261802258,0.9230893489749603,0.044057973478992186,-0.10225791149171613,-0.49600170937941807,1.0,0.0
0.4124421636740408,-1.1147829865557084,-0.8416398631922023,0.18203457231935677,0.7525620549998467,1.0,0.0
0.4839705781514999,0.032186886549817995,0.2872483610645416,1.079959957613291,-0.32166643713485393,0.0,1.0
0.16445766845151497,-0.2019670640818092,0.6046121091264196,1.1781123088828651,0.7840962754248018,1.0,0.0
0.7789052693588823,-1.3498491324153523,-0.4448219036126326,0.7568408445581325,1.653354003556405,0.0,0.0
0.11359979867885941,1.618943126205299,0.5799125120489393,0.5969074917249845,-0.5802006094817522,1.0,0.0
-0.5875578942855711,1.7986097892280624,0.04222262019346591,-0.9393927143660107,-1.6526721025777176,1.0,1.0
-0.8350133938885803,-0.33675525308268917,-1.402673097971428,-1.1727206910458863,-0.4243027695145528,1.0,0.0
-0.21667792951247225,-0.9806626075278237,0.15723709723735846,0.47714512877289195,-0.14071395412030838,1.0,1.0
0.08024876435444321,0.21747360138391822,1.1386016855571148,-0.11539861305008685,-1.7330097730592897,1.0,1.0
7.397145782839753e-16,-0.031628622100966175,-0.09476092261267664,0.8617440370110709,0.24047138323759557,1.0,1.0
-0.4462445583250498,-0.11528442602516122,-0.994887219845027,-0.0630793905528078,0.45365963294874495,1.0,0.0
1.1699127796771467,0.001954312540548069,-0.35554261643697066,-1.3849331978222128,-1.1770809626610108,0.0,1.0
-1.4164660773124726,-1.0559901079638547,0.5316153191593233,-0.21897129731792855,1.6263522539453783,1.0,1.0
-0.29723601997868704,0.9744219694272215,0.6684869901428597,-0.6794818413824821,-0.14071395412030838,0.0,1.0
7.397145782839753e-16,-0.8699993983686665,-0.21718821556686035,1.047875205756824,0.627479941196787,1.0,0.0
-0.5263492095894958,0.446373891438304,-1.391262291398014,-0.26532098469250914,-0.4530604412640438,1.0,0.0
-0.46327537386822304,-0.7276761885480979,0.02134337865150049,-0.13146778592268965,0.016239630716071745,1.0,0.0
0.18477177683463178,-1.062460120389294,-0.028857790562907774,0.45843580488313096,-0.15966340293182846,1.0,1.0
1.1218681106253376,1.6369162886054567,1.716208557222266,-0.7078844260883719,1.653354003556405,1.0,1.0
7.397145782839753e-16,0.34395817926562305,0.8061582830790515,1.6084178168541006,1.653354003556405,1.0,0.0
1.6568637599261609,-1.0472500419666795,0.8594390747799064,1.3444489522600043,1.653354003556405,1.0,1.0
-1.1721630735264883,1.4436918455107803,-0.08410343917183391,0.2987056218994466,-0.21906881180312665,1.0,0.0
1.1733079810988045,1.3783689169566062,0.865068765938735,0.3363711816286534,0.30120389394337754,1.0,0.0
0.8840086020495641,1.7776591537986376e-16,0.3226265131526232,0.5771700884889592,0.5492890891808404,0.0,0.0
-0.28856608893083374,0.9889344109746812,0.7185187093305926,-0.20050598501698846,0.4178740016432589,1.0,1.0
0.8215333449665975,0.5645690317832479,-0.3082528331003169,-0.19475313870834782,-1.7836145335734865,1.0,1.0
-0.6067576901034926,1.6243522899150178,0.0363685301543477,-0.45692893904964355,0.2099026325429652,1.0,0.0
1.146563124684911,0.37999968195330436,1.1351397354535766,-0.5367116824780394,0.47989058920719035,1.0,1.0
0.45668044296665994,0.7563855044117029,-0.6656021036731379,0.058653870935937,-0.14071395412030838,1.0,0.0
0.47009762892209855,-0.6792356449610742,-0.31991548155197475,-0.30161196927967365,0.5255621400066427,1.0,0.0
-0.9148274360473041,-1.2203384049351305,0.3926732705702733,-1.0337737576281851,-1.307286776295786,1.0,1.0
0.8552214365965103,0.6145811068272212,1.9442798288001788,0.1143626070742769,0.659919697134354,1.0,0.0
7.397145782839753e-16,-0.6259851734114941,0.599772606496582,1.1988685149028797,1.653354003556405,0.0,1.0
-0.14154040724910916,-0.6654692679178754,1.2424079360614656e-15,-0.13586625673764377,0.044743027109849724,0.0,1.0
0.11044359408667719,-1.1264789797953936,-0.2538396951120388,0.44477723589624013,-1.6951659102067753,1.0,1.0
-0.3024727164515149,-0.6223652786761527,0.4188751051308607,0.09363469320281832,-0.5536483156813464,1.0,0.0
1.0142576301605948,0.325268645204972,-0.2937918926301439,0.936976985076817,-0.7421466073049289,1.0,0.0
0.9882933320534967,0.37762173700798113,-0.02304993297936237,0.826181649454355,-1.6325867795039564,1.0,1.0
-0.439044069204042,-1.3295034900903537,-0.8128903557718281,-0.6486218824051412,-0.14071395412030838,1.0,1.0
-0.9191994879425406,-1.6800176459174092,-1.8656106902542626,-0.3866661779358912,-0.5706121363189715,0.0,1.0
0.5628438048123646,-0.5250721464648564,-0.1153900463039048,0.4819792706207444,-0.8039413307853306,1.0,0.0
-0.7650831993108529,-0.6689833251835106,-0.5820370590831386,1.042489497191964,-1.2582414554554293,0.0,1.0
-0.07214647665969308,0.9430810730607506,1.3218562677802972,-0.4553278594800041,-1.77908819680216,0.0,1.0
1.0475352047425803,-0.3839495183771894,0.4008825042961197,-1.0503675538971347,-0.4449170212757316,0.0,1.0
-0.3890450743068705,0.774388388527274,-0.04125430110011489,-0.29150591778580726,-0.8926205812515927,1.0,1.0
-1.6334513629000362,0.09734860530889451,-1.3977994058312413,1.879820134645893,-0.35224782544840105,1.0,1.0
-0.4982340708666282,1.3067290935817515,0.25005868847687945,-0.2838393272373867,-0.7511958100482165,1.0,0.0
-0.14326885902991437,1.2731749650157183,1.3974173424922478,-0.2775302420078769,-1.8150124527795102,1.0,1.0
1.2089807048532117,0.5102116711562767,0.4394919534980377,1.6037543442527227,-1.7092563584269331,1.0,1.0
0.4177075282093105,-1.1873711297539513,0.3302211976736115,1.177342403294427,0.14215210355993083,1.0,0.0
-0.9338541945947434,0.03898630480421915,-0.5437639199083366,0.8704331079400787,-0.04035335113148076,1.0,1.0
0.21654769184321668,1.0957250361338184,-0.48432028977966013,1.2309439754313631,-1.1799302246848764,0.0,1.0
-0.7592387669157008,0.5015867744598334,0.6786327490840253,-0.03576590949174166,1.39347640627439e-16,1.0,0.0
-1.6296310475612326,0.20853388644068463,1.1596185349574202,-0.0935980250036952,-1.5367739627133308,0.0,1.0
0.2511112387538265,-0.9149071018098291,0.4914334303658746,0.1860586734334769,1.653354003556405,1.0,0.0
0.5275458756845768,1.1077796585482826,0.45896477128739294,0.09914514285944019,1.653354003556405,0.0,1.0
-1.2014330208948538,0.23661786919893582,0.2555919907479521,0.7264377680106958,-1.470013493903882,1.0,0.0
1.7831898790537548,0.5166743427754704,-1.03324891741703,-0.2629748235852778,1.653354003556405,0.0,1.0
0.2459968067001258,-0.2672104200539802,0.17093551680980207,0.6243178916964143,-0.045542873763151234,1.0,0.0
-0.9963781370301517,-0.18931913438322717,-1.1006972115339577,1.1581798748503673,0.4091809149264957,0.0,0.0
-0.11485904394478244,-0.4213630727343674,1.3253141113072016,1.728113613622831,1.0238325297362219,1.0,1.0
-0.6254313755814004,1.7776591537986376e-16,0.010876175295981677,-0.5424677727612708,-0.25401975769260543,1.0,0.0
0.3512433499450678,-0.5660142630086977,-0.21464773714133853,1.4397345511375512,-1.1507186618654006,1.0,1.0
-0.017230331356917504,-0.27634991374834633,-0.5720572482287078,-1.0185858747986007,1.653354003556405,1.0,0.0
0.1268896353537681,0.17559823918526743,-0.891113125245794,-1.0473264964233635,0.9279073840134726,1.0,1.0
1.4179953304497117,-1.8897420847743909,0.44645582022408364,1.5599798814344439,0.1998261549530974,1.0,1.0
0.3200527003229873,-0.13025845998189695,-0.5310621514808314,-0.6265042981605604,-0.4722230063946028,1.0,1.0
-0.18780248543333092,-1.4523314598207528,0.34525466858775944,0.3489946957510479,0.8555548373621772,1.0,1.0
-1.056850358130569,0.882935405033547,-1.484406142824637,-0.8123686035093993,-1.4934919962782514,0.0,1.0
0.998037774194105,-0.47877734294303503,-0.8611856486267091,-1.5809970979735362,-1.0299495804119083,0.0,1.0
0.14349774047944916,-0.5544154654716502,0.04386552051954196,0.3363711816286534,0.25530060825376044,1.0,1.0
0.013208014958747545,-1.490525539058089,-0.03789404712708915,-7.566446654630099e-16,0.8573986532085288,1.0,0.0
1.0624898554528681,0.8181964922439514,0.7238401996930511,-0.6396446000783128,-1.3535234002191003,1.0,1.0
0.20381522232887941,-0.17919819751218496,0.5175862110467743,-0.8260087764872915,-1.5557422284119715,1.0,0.0
1.4586516340611069,0.7314636074230632,1.1013875785559613,0.2251973650937462,1.2566997001501674,0.0,1.0
0.3963222768101109,0.06571043595134828,0.8405997465592004,-0.12476503336343153,0.7166553724213258,1.0,0.0
-0.8576322072987831,1.7776591537986376e-16,-0.7602093467991575,-0.03576590949174166,-1.493812288724679,1.0,0.0
-0.2946558318187041,-0.3858419217072631,0.43429550673670564,-0.17794983989405772,-0.17424641063415716,1.0,0.0
-0.5046421430115682,-1.2375039679948379,-0.13242236681068698,0.7547077956900611,-0.6287367927342179,1.0,0.0
-0.058862724895654125,1.234232134252961,0.33038389348004166,-0.6190869593241218,0.4898950045632799,0.0,0.0
-1.0341815359870106,-1.024645859908197,-0.8241054917826622,-0.0578562883782823,-0.49876142903196996,0.0,0.0
-0.27864123769105503,0.7398353805719025,0.3226956018281975,0.6364608589343294,0.2607290713356828,1.0,0.0
0.45124466837537325,1.2676917898573206,-0.6652992842245113,-0.8467187856002008,-0.14071395412030838,1.0,1.0
0.3871522544610017,-0.8057217727430495,-0.6690425064222704,0.2686876591000595,-0.3972769866913437,0.0,0.0
0.37692750066322356,0.34177025205426,0.08977390387573221,-0.20762858044816762,-0.11448956783265388,1.0,1.0
1.268790485869423,1.617854145705757,0.14035608471511546,-7.566446654630099e-16,-0.852659063444764,0.0,1.0
-0.6373915064409188,-0.11275534435117211,0.08548916294146158,-7.566446654630099e-16,-0.14071395412030838,1.0,0.0
0.3471735060097803,-1.1346667640182395,1.2985091740749641,-1.2602773139679744,-0.7919361115034103,1.0,0.0
-0.9611658347595688,0.48711458528021334,1.6171684563872806,1.4178965153036427,0.1714694623550203,1.0,0.0
7.397145782839753e-16,0.9573558118000178,-0.14588715124616727,0.9485683853521192,1.3440705737789957,1.0,0.0
-0.02782725980672298,0.2747228686057205,0.2384620665643525,1.2704827311687639,-0.3464699028958209,1.0,0.0
0.4384036361508104,-0.9205471424526198,-0.9703278204389209,1.2728064110718593,0.6128898544850535,0.0,1.0
-0.5412102014040393,-0.26646590360880756,0.9548468073858257,1.5628292284118184,0.8346391505693368,0.0,0.0
1.8611416909115788,-1.207343763053855,0.9123071436959833,1.1673419449599498,1.3253022288396772,0.0,1.0
-0.49059611037480555,-0.2663199658100357,-0.7293008987137022,-1.2513000860505705,1.653354003556405,1.0,0.0
1.12875744551155,-0.6134448572874153,0.502594655854128,0.5784133437145964,1.2627714519048008,1.0,0.0
1.7216979939169748,-1.3594410434715196,-0.08886250110391546,-0.29099648103855663,-1.0136262460010064,1.0,0.0
0.26670447286881954,-1.5171722488152362,0.6253508378011943,1.2200171701963853,-0.14071395412030838,1.0,1.0
0.5998756903743881,1.7776591537986376e-16,0.7388186480059136,-0.5327186230188737,-1.9198181517316677,1.0,1.0
0.3755232974383294,-0.49094987252772543,-0.4263292720157082,-7.566446654630099e-16,-0.533746355055313,1.0,0.0
-0.60084774571706,-1.814289169233581,-0.6454815110174718,0.316996577006924,1.653354003556405,1.0,1.0
0.07073206614705678,0.5135321567110126,-0.1742244625799059,0.5658586042124594,-1.487195540742027,1.0,1.0
0.5193992652076604,-0.3492414548222123,-0.09168339243405002,-0.40589144876824307,-0.6556145898293937,0.0,1.0
-0.2954937411764264,1.3020578042474127,1.9442798288001788,1.728113613622831,-1.170439473736092,1.0,1.0
-0.9229343277902343,-1.783517842789956,-1.46017864919409,-0.2894155389301333,-1.9353761669460672,1.0,0.0
-0.718611957551666,-0.12954720622000482,-0.5619364805348996,0.19874331890922767,-0.03677866854679219,0.0,0.0
0.04547952416274919,0.6423276203517805,0.7831887889121638,-0.7089721889488511,-0.7171327666458741,1.0,0.0
0.13535012490371234,1.5295802415650492,0.05091463554853038,0.6257523240835835,0.38568719852041006,1.0,1.0
0.2710325218027335,0.3473862744629583,1.6074350870319611,0.5322010240732489,1.653354003556405,1.0,1.0
1.4354419287124545,-0.7998037522073971,-0.49303795955751545,0.24949587376384866,-0.30809935272474837,1.0,1.0
0.7979107570002789,-0.44556492429568867,0.15688169359139859,-7.566446654630099e-16,1.653354003556405,1.0,1.0
-1.1685343727458075,-1.394735301094525,-0.28024869244560185,0.30764584763496494,-0.7674219617989562,0.0,1.0
7.397145782839753e-16,0.5361949067081216,1.5196034396880722,-0.363390299726911,1.653354003556405,0.0,1.0
-0.8565142380521856,0.08508692032413848,1.2618767474800667,-0.193010165172052,0.3158071636026449,1.0,1.0
-0.7439476056790062,1.0912220907801862,0.70262865683836,0.9521117727533499,-0.14071395412030838,1.0,1.0
0.8040377975364322,-0.4861213907510215,0.4006932465706168,-0.5977121285337326,-1.2574709783441305,0.0,0.0
-0.9964040875286483,0.4078094041124495,-0.1185172623249254,0.3547440190147152,0.08426129079358777,1.0,1.0
-0.490901963983076,-0.9773075240936338,-0.34171393285683166,-0.1386495625019567,1.653354003556405,0.0,1.0
-0.9084684227320292,-0.6869237313088356,-1.2465982959257536,0.33315792348840656,-0.8328982302261473,0.0,0.0
0.6354835220824183,0.3562882293129673,0.4137228432520046,1.7032417597488099,1.1839334523230447,0.0,1.0
-0.4285988096482839,-0.2820811491066522,-0.24032921289414022,-0.47264429529464896,0.4124073799451496,1.0,0.0
-1.0197542886325595,-0.9036479005522192,0.22343081802426804,0.8696058299022856,0.7398907760855513,1.0,0.0
-1.1900920251869764,-0.18385745553029129,-1.0946353275960816,-0.25720384347100134,-0.9718073972049573,0.0,0.0
7.397145782839753e-16,0.10459550410709463,0.45944578296194527,0.5294551531637568,1.653354003556405,1.0,0.0
1.1022042543684487,-0.7520790677284609,0.804802322660027,0.37645249704704925,1.653354003556405,0.0,1.0
-1.1560637528636217,1.7776591537986376e-16,-0.11437824292286823,0.7662455037400624,0.24434817162750816,0.0,1.0
0.3371107917657794,0.966533316136829,0.7008785064044886,0.3273147805745191,-0.4988594521706217,1.0,1.0
-0.1626657679627215,-0.490214176428691,-0.8258666036609441,-0.8775788422379263,-0.7788588494722672,1.0,1.0
-0.3621176218292885,0.43803866011966686,-1.5669110750574962,0.40616357497349315,-0.43253391959506604,1.0,0.0
-0.47292288354159445,-0.7119418651669094,-0.45854138862816995,1.4632086302979321,-0.4960701073740757,1.0,1.0
7.397145782839753e-16,0.27091476781862367,0.4054024273615747,-1.0110752743519902,-0.08811372804460332,1.0,0.0
0.8822912701805471,-0.4030171707557032,-1.173431571825867,0.0655258431209102,1.653354003556405,1.0,1.0
-0.001118976574007326,-0.3922114953371211,-0.01125156057689697,-0.4199772907642232,-0.9260219361818754,1.0,1.0
-0.8072686766835615,-0.46400582331210766,0.35248383304961606,-0.03189056154506397,-0.28476651922627344,1.0,0.0
0.4471776355117676,-0.01511444254990761,-1.28356771869659,0.8785434470838751,-0.8142474955333331,1.0,0.0
-0.5577968168116393,-0.8721173703103423,1.4375727196769836,0.7102869761479893,-0.41826534641356855,1.0,1.0
0.35473545206259555,-0.2500191267048362,0.8523133184593161,-1.4202422941343922,-0.8388376869463048,1.0,0.0
0.39213982205596765,0.9780328529715876,1.660641829801431,0.003304616706968932,-0.9963988373538417,0.0,1.0
-0.783149797475325,-0.16293019890266866,-0.6587066394683098,-0.8486612066112886,-0.38835853913203555,1.0,0.0
7.397145782839753e-16,0.4777838550072746,0.2408311318640101,-1.381083928472623,1.2099685395088846,0.0,1.0
-0.14376008306796273,-0.2406255968954587,-0.6087506921356071,-0.8270428690235208,-0.4761974459904082,1.0,0.0
0.7193188843191605,1.150760975854773,-1.1261231582496647,-1.9969248088941316,-0.37222197967503123,1.0,0.0
-0.34887757173262524,0.39374586205768386,-0.9946094952927375,-0.6984030461053377,-0.14071395412030838,1.0,0.0
0.8176104401054192,0.1894011730680402,0.11386480122407075,1.1634047531015175,0.73556467403095,0.0,0.0
-0.08989370192022283,0.23718820780535627,-1.0811831558895046,-0.24970332964335853,-1.1325592807054379,1.0,0.0
-0.5170672921393175,-0.31772277883349886,-1.0118162910006283,-1.3702784237423598,-0.02456659271580873,1.0,0.0
0.9563415075329941,-1.4454049249753669,-0.773825459118609,-0.8330544638015703,0.2644629066032509,1.0,0.0
0.014974085109863842,-0.19712607088106823,-1.6777379010450075,-0.7069544036283937,0.7586907901152788,1.0,1.0
1.095246894763924,-0.013116620578709961,-1.3759317274020868,1.111024873183773,-1.5033325805380966,0.0,1.0
-1.435197053443579,0.22344604727000628,-0.38130043414146836,-0.7732842617073656,-0.5498217301955982,1.0,1.0
-1.3370703892972104,1.7776591537986376e-16,1.9442798288001788,-0.02946513426086808,-1.2948435005436523,1.0,1.0
-0.04278502808232132,1.0905206172273485,0.062283241437883545,0.0084025743333213,-0.14071395412030838,0.0,1.0
-0.91649067894241,0.14271301613507045,0.8678104288667695,-1.1058146777877744,-0.49053745584791864,0.0,0.0
-0.47636447504062446,0.4441533289744112,0.5045735254605793,-0.352205786821298,-0.14071395412030838,1.0,0.0
-0.33046020158772205,0.5287722690629441,0.5458784319401417,-0.08753171918076212,-0.43297065613191865,1.0,0.0
0.4372176647703805,0.6318481992744119,-0.35519541120812176,-0.22136102496315657,-1.2519588873545224,1.0,0.0
-0.11429449939902568,-0.2943811769088607,-0.6044748389692608,-0.6254825553525466,-0.7633217005557782,1.0,1.0
-0.6374332967350788,1.269159420035512,1.4718964098382517,0.17776805547547103,0.14864840512166916,1.0,0.0
0.2141126159856736,-0.5901034690370909,0.8673772649276899,0.3106611883182474,-0.9198705988281839,1.0,1.0
-0.18368198378343084,0.9988753104725315,1.0830368291384465,1.0913289880185093,0.6503199684913563,1.0,0.0
0.4360932321763584,0.5944269367920191,0.627647105221269,0.049855664123357804,0.3578967348812077,1.0,0.0
-0.45687346086793423,0.24762900192603754,0.34223643241580287,0.09428441991822242,-0.03526156021091314,1.0,0.0
1.1915531463493128,0.5336829856835608,0.4845008541150016,0.583946310844575,1.653354003556405,1.0,1.0
-0.40946567492680297,1.8760013359155605,0.30756123480893316,-0.9438164396197234,-0.38761343139883647,1.0,0.0
-1.0777878951548314,0.3558859563961412,-1.1931489069619192,-0.34088367885357673,-0.307104592419653,1.0,0.0
0.05060361839967859,1.7776591537986376e-16,-0.8724158673605549,-1.153572054569494,-0.7284556701789576,0.0,1.0
0.47561145348377637,-0.4125825884092753,-0.4843538690840732,0.6173538808325254,0.711824425775758,1.0,1.0
0.15064704391441613,-1.017498475862658,0.5774964073951709,-1.0483875965849099,-0.14071395412030838,0.0,0.0
-0.6984901365229887,1.0403263963380287,0.7856003645647957,-1.0656804535654836,-1.4788410039371418,1.0,1.0
0.31343924920987615,-0.6208710081823114,-0.7893956104991761,-7.566446654630099e-16,1.653354003556405,1.0,1.0
1.9872841960582854,-0.3046159386946261,-0.6609265910955735,-0.09206717488720169,0.8542830292658293,0.0,1.0
1.0913126084652491,-1.1810375364341532,0.15475796003544992,1.8755405609382774,1.653354003556405,1.0,1.0
7.397145782839753e-16,0.758238785128538,0.32782979007433305,0.2593160450828991,-0.21548085729747757,1.0,0.0
-0.45483951761314,0.4027821913052094,-0.2406064522211359,0.25514715641687186,-0.3478882492105007,1.0,0.0
0.19449554460945373,-0.39964886165993224,0.760595316257837,0.42204105320135693,1.653354003556405,1.0,0.0
-1.0608866682071096,0.6526581435189984,0.037275698143050484,0.15604091875793355,1.359296776858767,1.0,0.0
-0.2885978059840041,0.8565686053729489,0.7074406121492585,-0.16083823586209042,-0.14071395412030838,1.0,0.0
-0.14882200756958658,-0.2618551535255585,0.05044901961447676,1.027163045684158,-0.14071395412030838,0.0,1.0
1.4203605784053204,1.007885331163043,-0.34459432354880737,0.9022602613043048,1.653354003556405,0.0,1.0
-1.5083192282297162,-1.3848136396866508,-0.7630147504409042,0.9001662943344907,0.4099850945772917,1.0,1.0
1.000224667751551,-0.24817393368896187,-0.04263392402227323,1.3807174406754488,0.9790544325262799,1.0,0.0
-1.926732125040936,-1.3947051751383683,-0.017712379304791095,0.6676801393475839,-0.23652878712794237,1.0,0.0
-0.5379642876022372,-0.8204396464987073,1.2424079360614656e-15,0.9073424357801103,-0.14071395412030838,0.0,1.0
-0.6444531525064258,-1.221106688208529,1.183985386175661,-7.566446654630099e-16,1.653354003556405,1.0,0.0
-0.16131932511406671,-1.6104490835711283,-0.028650691892215363,-0.0004485870416933779,0.4826751919659937,1.0,1.0
-1.2176320546752213,0.24923864946708657,-0.738962159189376,-1.009758588725429,-0.14071395412030838,1.0,1.0
0.8073407466673492,0.9746132253736537,-0.42758031555424847,0.09770856595531534,0.3400582810744631,1.0,1.0
0.8788892591547638,0.2997984304528249,-0.36836015860539933,-1.340390397658451,-0.7046760983455505,0.0,1.0
-1.049987562160917,1.7568171339200418,1.9442798288001788,0.1389609075869254,-1.5594461495753376,0.0,0.0
-1.4262515365530952,-1.936650226779185,-1.6308638262829491,-0.38698553459423407,-0.6293437286078324,0.0,0.0
-1.567848181258241,-0.27345456496074017,1.1576714144866347,-0.33101407815802936,0.4907001645566912,1.0,0.0
0.05150779124325699,0.7314754323920724,-1.2826831272299648,-0.07020525917863585,-0.5049190868946193,0.0,1.0
0.30069020294193205,0.7769462898684885,-0.9459445363096746,0.05230446920041728,0.7957379919824944,1.0,1.0
7.397145782839753e-16,0.26489316458123374,-0.11357407564683769,0.19592231688273953,1.653354003556405,1.0,1.0
-0.02960062754837501,-0.49422113030583764,-0.2699783588429437,0.787315682891282,-0.09423387344913298,1.0,1.0
-0.0669982125326232,-1.1530449886070295,-1.1589075456906457,-0.7997711710277514,-1.641504103947716,1.0,0.0
-0.6685839440853243,0.29417750106893825,-1.5935662658947833,-1.3039781416919196,0.14947097244592586,1.0,0.0
7.397145782839753e-16,-0.21262326278512403,1.92152393155269,0.3884501697288779,1.653354003556405,0.0,1.0
0.17352885388599104,0.7078373143775185,0.19461736380783878,0.9736673794441693,-0.39903775068078157,1.0,0.0
0.4959353533738527,0.9375436521108234,1.0228072519308742,-0.5497569585923596,-1.9491481054164803,1.0,1.0
-1.3723254510962983,1.8267144647321065,-0.48466445937500235,-1.2690845077129471,-0.14071395412030838,0.0,1.0
-0.38895453740082997,-0.9046139658546812,-0.9705546896700546,0.09822331895162568,-0.6721119112125526,1.0,0.0
-0.40399815381409393,1.7776591537986376e-16,1.9442798288001788,-0.4423701677834744,-1.7776918117803933,1.0,1.0
-0.20047796149157557,-0.882532885088011,0.07844543874001526,-7.566446654630099e-16,-0.7321067051540866,1.0,0.0
-0.10625170573607774,-0.8010594561205204,-0.8209466749837122,-0.9645918294752169,-0.14071395412030838,1.0,1.0
1.4199666499427763,1.2003823457079468,1.9442798288001788,0.7789715770754818,1.653354003556405,0.0,1.0
7.397145782839753e-16,1.0207539651459894,0.43712576611389636,0.6820327006860312,-0.14071395412030838,0.0,1.0
1.9293019054434875,1.7455444472883515,0.45858088604791136,0.24713742278312384,1.653354003556405,0.0,1.0
1.1531773348281762,1.1119277010126902,-1.28143546702288,-0.7357859511668627,-0.07771685696371412,0.0,1.0
-0.09520635784924134,0.1697799304669585,-1.2481823671308183,1.8469742212110243,-0.08739524215197157,1.0,0.0
-0.8260425682398879,0.3123087595637241,0.881507675711285,0.3928005044073651,-1.4399572109587568,1.0,0.0
1.4091967039693385,0.300292543940154,1.2424079360614656e-15,-7.566446654630099e-16,-0.8801143716363472,1.0,0.0
-0.5035995389962473,-0.15851790505084912,0.8869374558311267,0.38922668071388183,-0.14071395412030838,1.0,0.0
-0.34281046369642487,0.8504162402230812,1.2206281751332169,1.7151802496083406,-1.4787896836351369,0.0,1.0
-1.4810146824935968,0.056174611513338454,-0.7465326367920189,-0.9924095919807813,-0.3235417223408109,1.0,0.0
-0.34012018545568334,-0.09175290018709405,-0.794223699507226,-7.566446654630099e-16,-1.364284673095561,0.0,1.0
-0.2537800091121147,-0.2391183813981773,0.31131971772693684,-0.7122328080895879,0.1650292622494608,1.0,0.0
0.2583168099685707,-0.7776600964779498,1.22328334038966,0.4784710095199508,0.8467080936559421,1.0,0.0
1.3140184494509768,-0.021255512524299924,-0.8984718831333752,0.5050672339915844,-0.7650683566519048,0.0,1.0
-0.0005340380800593268,0.20154114145445232,-0.054553364073524166,-7.566446654630099e-16,0.7045602091191354,0.0,0.0
-0.8147122596913783,-0.025696021415950853,0.23383068980061364,0.9264503362166612,-0.2670338519130166,1.0,1.0
-0.553927690368627,-0.2709948345589066,1.2424079360614656e-15,-0.36691418735470666,-0.14071395412030838,1.0,1.0
-1.4463471385629045,1.8600890953832714,1.9442798288001788,0.47911399516651737,-1.329333421608826,1.0,1.0
0.8792023439839002,-1.347763355496034,-0.5644809633774933,-1.1420574661844658,-0.14071395412030838,1.0,0.0
0.7821972254929007,0.8985542293621832,0.46565352189653364,0.035626840002325036,1.653354003556405,1.0,0.0
0.8431889454089253,0.4046754811058176,0.06719567706993704,1.1596952180087707,0.06232794299090877,1.0,1.0
-1.209683538845898,1.6216969816771938,0.6335029980401746,0.3353315981126911,-0.6091268534081264,1.0,0.0
0.07997175290469927,-1.5436886535835688,-0.5485106516179518,-7.566446654630099e-16,-0.3054039363218823,1.0,1.0
7.397145782839753e-16,1.7776591537986376e-16,1.2424079360614656e-15,-0.5140045434662365,-1.1061453235657404,1.0,1.0
-0.07637458602997924,0.7132339376376814,0.0163805651729482,0.49802723180638053,1.653354003556405,0.0,0.0
-1.0146206330314094,-0.09014309395176232,-0.20605998767033099,-1.9950947728231334,-0.14071395412030838,1.0,0.0
0.35816038504463715,-0.001122917512224652,0.11743093279382957,-0.9518460585676392,-0.14071395412030838,1.0,1.0
-1.2026836661466656,0.17884313202938348,-0.5495845882284992,-0.023681586847452717,-0.3195772304107648,1.0,0.0
0.13219758983536722,-1.0948444744460384,-0.6284730710792708,-1.0407265556111738,0.644192951422182,0.0,0.0
1.8732606259585833,0.11065540157538813,-0.2515456296314749,-0.19420312748072502,-0.7353028044698009,1.0,1.0
-1.8029607307852737,-0.4107535543845121,0.4242818364319754,-0.4807688193784556,0.09901873501997034,1.0,0.0
0.3278085079919592,-1.3518857632230656,0.14712613269838407,0.4804841268845949,-0.07952336247779168,1.0,0.0
-0.19298677599791036,0.6165823585111347,-0.56384717043335,-1.726651028930053,-0.9036303379938259,1.0,1.0
1.498837122005381,-0.7270055547496119,-1.1640906642199338,0.858704143759802,1.653354003556405,1.0,1.0
0.43053607874421534,1.7776591537986376e-16,0.22600617353209693,-0.318566433427431,-0.14071395412030838,0.0,1.0
-1.844650553703561,1.014883918111395,-0.665694260079154,1.2014396037091295,1.653354003556405,1.0,0.0
0.9603464384124589,-0.0749224405900738,-0.06042729759808302,-1.4045869746554556,-0.9925286161594448,1.0,0.0
-0.8165117892405576,0.44370185268629875,1.2424079360614656e-15,0.651751411101017,-1.0207626752304089,1.0,1.0
0.12038637135541415,-0.29758099941267435,-0.5245149251164368,-0.10264658729468111,-0.22447475676087425,1.0,1.0
0.3278260492307923,-1.0008002908901326,0.09722175289811696,-0.06445063878567013,-0.5035973170094924,1.0,0.0
0.6221643039310151,-0.40388668856627963,-0.4100852172013555,-0.30841650301465423,0.06792574715175108,0.0,1.0
-0.14586905912143444,-0.15212179074621998,1.767060922678948,0.6324554062340483,0.530394304499531,1.0,0.0
-0.08327809259099034,0.16465231704707337,1.2424079360614656e-15,0.9006422628997613,-0.5510606035579133,1.0,0.0
-1.1304233763233031,-1.1944643783182924,1.2424079360614656e-15,-0.8248372278879621,-0.16933483994368884,1.0,1.0
1.4505017295476255,0.4087794208551892,1.4694453373229477,0.0024880951526708942,1.1981908228302345,0.0,1.0
0.20010434022627557,-1.2086235959042453,0.21540888440715528,1.3906188957264323,1.653354003556405,1.0,0.0
-0.4534448633851168,-0.856642956608652,1.8151577828754937,1.2242513072249395,-0.3404963951495112,0.0,1.0
-0.7601043442919744,1.7776591537986376e-16,1.2424079360614656e-15,-0.19804544772931276,0.5217808266632027,1.0,0.0
7.397145782839753e-16,-1.9604345251643243,0.05177175193876499,1.9946738462555498,1.5307803978764518,1.0,0.0
-0.26730258438078247,0.4948844678051283,0.21570366616271996,0.49156348786456355,-0.14071395412030838,1.0,0.0
0.5997317514893097,-0.658649804570959,-0.3757671775213421,0.502195811823704,-0.14071395412030838,1.0,1.0
-0.24690556376726527,-0.15294858727764798,0.798797063373755,1.0188800256789743,0.054932553549597744,1.0,1.0
0.2654292549708494,-1.0648901787542182,-0.9307369495769372,1.8071508381558339,1.6413770842692132,0.0,1.0
-0.8629162789047311,1.5618446444771215,-0.43783693900970205,0.4437587149615364,1.653354003556405,0.0,0.0
1.5486752362346332,-0.9752250218823229,0.5099999301087599,-7.566446654630099e-16,-0.45153544340898405,0.0,1.0
0.24256410638198594,0.5998498623755694,-0.5473860272703368,-0.7724308917990241,1.653354003556405,1.0,0.0
0.4110150717274623,-0.033414444759414526,-0.35650388886016665,0.9195528856596857,1.34109595011791,0.0,1.0
-1.5930046385135244,0.18568802353021222,-0.537575742102048,0.779152577201638,-0.14071395412030838,1.0,0.0
-0.27434323741555383,0.6131906913411349,-1.0736633115682048,-1.0780704133746062,-0.3122166086677279,0.0,0.0
-0.4243523585667985,-0.8013118967502894,1.2424079360614656e-15,0.2766356116849772,-0.42375307138107127,1.0,0.0
0.9809655230758748,-0.21870379307653856,0.9857094383529837,-1.9737319027698477,1.653354003556405,0.0,1.0
0.984376891460947,-0.737535575811359,1.8514841293614255,-1.4862077370375208,-0.03983144727047129,0.0,0.0
0.6986239678869681,-0.6387195662625491,-1.0622291179022458,1.0564195537370962,1.2924786356856017,0.0,1.0
7.397145782839753e-16,0.29542281779176877,-0.036914003804540976,1.3288002207472174,1.653354003556405,0.0,1.0
-0.5026281137643692,-0.3923979052671348,-0.5790408066552643,-0.9860093298065922,1.653354003556405,1.0,0.0
-0.5263100841813517,-0.7615713722077424,1.386467900820967,-7.566446654630099e-16,-0.6191439528478793,1.0,0.0
0.45193259685345266,0.9521756688538769,-0.1446325513853604,-0.016415239662646863,-1.107418415858334,1.0,0.0
0.7098593998463518,-0.06618973942721487,-0.10400380235839815,0.3401428413359545,1.653354003556405,0.0,1.0
0.4686507064833262,0.45136272053110427,0.4492915718700555,-1.6439835408540815,1.3258841413868203,0.0,0.0
0.0050498096765214644,1.6103269586152815,-1.0654817371674679,-0.47363764122510227,1.39347640627439e-16,1.0,1.0
1.623006942689077,0.2934193737563775,-1.2040942939612198,-1.4405605699275512,-1.0273971553467451,1.0,1.0
-1.1985379851918323,-0.2500266123994516,1.2424079360614656e-15,0.1432092690399872,0.0439742861876466,1.0,0.0
1.4590788434391768,0.6771523652949878,1.654774202441447,-0.5511167460198095,1.4997124861170408,1.0,1.0
0.5534828543963871,0.3564150007623514,0.6525408562654021,-1.388827113869586,-0.14071395412030838,1.0,1.0
0.5139378818265745,1.348491264917901,-0.19518375407841407,-0.5959231871761117,-0.14071395412030838,0.0,0.0
-0.868896673180147,0.11170175117057629,0.8479120137298998,0.6585022742825627,-0.8456835369649807,1.0,0.0
-0.8979646723410082,-1.4127394465950258,-0.6234244791519749,0.5283993248159095,1.3984313763336038,1.0,0.0
0.009059589426469158,-0.7864468237933904,-0.5476512211783632,1.2200171701963853,-0.14071395412030838,1.0,1.0
-0.15792065866115398,-0.646687544489149,0.2889937395867294,-0.9107098506241951,1.29690417384754,1.0,1.0
-0.2594747109620547,-0.22352101435626695,0.7705386137237016,-0.22573956268184583,0.31019976450617387,1.0,0.0
0.18214904358488437,0.6779603249031539,0.010574529912720952,0.26528756279024057,-0.9268487769352938,1.0,1.0
0.15407591673928267,-0.6073915363965247,-0.5551853395677949,0.27359275020205,-0.537295885779203,0.0,0.0
-1.4827948736324505,-1.3087335306289933,0.8918112347754108,1.172383128625156,-0.050118646102676585,0.0,0.0
0.07931097232057238,0.3527591279432849,1.4403236632903456,0.5999672731336041,1.653354003556405,0.0,0.0
